Data,1 dawka narastajaco,2 dawka narastajaco,Pelna dawka narastajaco,3 dawka narastajaco,Przypominająca dawka narastajaco,1 dawka,2 dawka,3 dawka,Przypominająca dawka,Osoby z niepełną dawką,Osoby z pelną dawką,Osoby z boosterem,Osoby Nieszczepione
2021-01-13,308987,237,237,0,0,308987,237,0,0,308750,237,0,37842013
2021-01-14,364248,238,238,0,0,55261,1,0,0,364010,238,0,37786752
2021-01-15,410241,239,239,0,0,45993,1,0,0,410002,239,0,37740759
2021-01-16,436723,240,240,0,0,26482,1,0,0,436483,240,0,37714277
2021-01-17,457047,256,256,0,0,20324,16,0,0,456791,256,0,37693953
2021-01-18,468795,671,671,0,0,11748,415,0,0,468124,671,0,37682205
2021-01-19,491696,3468,3468,0,0,22901,2797,0,0,488228,3468,0,37659304
2021-01-20,530055,11174,11174,0,0,38359,7706,0,0,518881,11174,0,37620945
2021-01-21,566793,24992,24992,0,0,36738,13818,0,0,541801,24992,0,37584207
2021-01-22,605313,39686,39686,0,0,38520,14694,0,0,565627,39686,0,37545687
2021-01-23,638798,45479,45479,0,0,33485,5793,0,0,593319,45479,0,37512202
2021-01-24,654184,46980,46980,0,0,15386,1501,0,0,607204,46980,0,37496816
2021-01-25,659753,47721,47721,0,0,5569,741,0,0,612032,47721,0,37491247
2021-01-26,701222,75765,75765,0,0,41469,28044,0,0,625457,75765,0,37449778
2021-01-27,782413,123044,123044,0,0,81191,47279,0,0,659369,123044,0,37368587
2021-01-28,858474,149779,149779,0,0,76061,26735,0,0,708695,149779,0,37292526
2021-01-29,917908,179128,179128,0,0,59434,29349,0,0,738780,179128,0,37233092
2021-01-30,945600,195481,195481,0,0,27692,16353,0,0,750119,195481,0,37205400
2021-01-31,958453,198478,198478,0,0,12853,2997,0,0,759975,198478,0,37192547
2021-02-01,976367,200537,200537,0,0,17914,2059,0,0,775830,200537,0,37174633
2021-02-02,998587,233129,233129,0,0,22220,32592,0,0,765458,233129,0,37152413
2021-02-03,1053245,289190,289190,0,0,54658,56061,0,0,764055,289190,0,37097755
2021-02-04,1117146,344432,344432,0,0,63901,55242,0,0,772714,344432,0,37033854
2021-02-05,1171229,395375,395375,0,0,54083,50943,0,0,775854,395375,0,36979771
2021-02-06,1193034,424730,424730,0,0,21805,29355,0,0,768304,424730,0,36957966
2021-02-07,1200793,440365,440365,0,0,7759,15635,0,0,760428,440365,0,36950207
2021-02-08,1206212,450496,450496,0,0,5419,10131,0,0,755716,450496,0,36944788
2021-02-09,1226129,462336,462336,0,0,19917,11840,0,0,763793,462336,0,36924871
2021-02-10,1291569,482146,482146,0,0,65440,19810,0,0,809423,482146,0,36859431
2021-02-11,1360192,523921,523921,0,0,68623,41775,0,0,836271,523921,0,36790808
2021-02-12,1413132,580607,580607,0,0,52940,56686,0,0,832525,580607,0,36737868
2021-02-13,1446102,624907,624907,0,0,32970,44300,0,0,821195,624907,0,36704898
2021-02-14,1466439,640650,640650,0,0,20337,15743,0,0,825789,640650,0,36684561
2021-02-15,1476274,645971,645971,0,0,9835,5321,0,0,830303,645971,0,36674726
2021-02-16,1500911,658235,658235,0,0,24637,12264,0,0,842676,658235,0,36650089
2021-02-17,1538737,691380,691380,0,0,37826,33145,0,0,847357,691380,0,36612263
2021-02-18,1610734,774060,774060,0,0,71997,82680,0,0,836674,774060,0,36540266
2021-02-19,1691115,865884,865884,0,0,80381,91824,0,0,825231,865884,0,36459885
2021-02-20,1743841,916935,916935,0,0,52726,51051,0,0,826906,916935,0,36407159
2021-02-21,1772133,925682,925682,0,0,28292,8747,0,0,846451,925682,0,36378867
2021-02-22,1785194,929965,929965,0,0,13061,4283,0,0,855229,929965,0,36365806
2021-02-23,1824654,934782,934782,0,0,39460,4817,0,0,889872,934782,0,36326346
2021-02-24,1876880,955779,955779,0,0,52226,20997,0,0,921101,955779,0,36274120
2021-02-25,1959165,1031518,1031518,0,0,82285,75739,0,0,927647,1031518,0,36191835
2021-02-26,2042806,1121050,1121050,0,0,83641,89532,0,0,921756,1121050,0,36108194
2021-02-27,2101754,1168058,1168058,0,0,58948,47008,0,0,933696,1168058,0,36049246
2021-02-28,2135769,1180304,1180304,0,0,34015,12246,0,0,955465,1180304,0,36015231
2021-03-01,2149607,1186747,1186747,0,0,13838,6443,0,0,962860,1186747,0,36001393
2021-03-02,2190526,1192900,1192900,0,0,40919,6153,0,0,997626,1192900,0,35960474
2021-03-03,2250835,1214741,1214741,0,0,60309,21841,0,0,1036094,1214741,0,35900165
2021-03-04,2338137,1281179,1281179,0,0,87302,66438,0,0,1056958,1281179,0,35812863
2021-03-05,2424929,1366648,1366648,0,0,86792,85469,0,0,1058281,1366648,0,35726071
2021-03-06,2488649,1412016,1412016,0,0,63720,45368,0,0,1076633,1412016,0,35662351
2021-03-07,2526389,1424715,1424715,0,0,37740,12699,0,0,1101674,1424715,0,35624611
2021-03-08,2539074,1430422,1430422,0,0,12685,5707,0,0,1108652,1430422,0,35611926
2021-03-09,2570094,1434640,1434640,0,0,31020,4218,0,0,1135454,1434640,0,35580906
2021-03-10,2641693,1445170,1445170,0,0,71599,10530,0,0,1196523,1445170,0,35509307
2021-03-11,2741651,1487467,1487467,0,0,99958,42297,0,0,1254184,1487467,0,35409349
2021-03-12,2835856,1555400,1555400,0,0,94205,67933,0,0,1280456,1555400,0,35315144
2021-03-13,2891753,1595520,1595520,0,0,55897,40120,0,0,1296233,1595520,0,35259247
2021-03-14,2914792,1602745,1602745,0,0,23039,7225,0,0,1312047,1602745,0,35236208
2021-03-15,2924629,1606154,1606154,0,0,9837,3409,0,0,1318475,1606154,0,35226371
2021-03-16,2946767,1610293,1610293,0,0,22138,4139,0,0,1336474,1610293,0,35204233
2021-03-17,2984642,1621287,1621287,0,0,37875,10994,0,0,1363355,1621287,0,35166358
2021-03-18,3074378,1664524,1664524,0,0,89736,43237,0,0,1409854,1664524,0,35076622
2021-03-19,3162971,1730349,1730349,0,0,88593,65825,0,0,1432622,1730349,0,34988029
2021-03-20,3213724,1769770,1769770,0,0,50753,39421,0,0,1443954,1769770,0,34937276
2021-03-21,3233998,1780169,1780169,0,0,20274,10399,0,0,1453829,1780169,0,34917002
2021-03-22,3242462,1783720,1783720,0,0,8464,3551,0,0,1458742,1783720,0,34908538
2021-03-23,3289482,1788446,1788446,0,0,47020,4726,0,0,1501036,1788446,0,34861518
2021-03-24,3385827,1808008,1808008,0,0,96345,19562,0,0,1577819,1808008,0,34765173
2021-03-25,3524209,1857517,1857517,0,0,138382,49509,0,0,1666692,1857517,0,34626791
2021-03-26,3666008,1928782,1928782,0,0,141799,71265,0,0,1737226,1928782,0,34484992
2021-03-27,3785646,1969905,1969905,0,0,119638,41123,0,0,1815741,1969905,0,34365354
2021-03-28,3860375,1985436,1985436,0,0,74729,15531,0,0,1874939,1985436,0,34290625
2021-03-29,3889970,1992611,1992611,0,0,29595,7175,0,0,1897359,1992611,0,34261030
2021-03-30,3961539,2002394,2002394,0,0,71569,9783,0,0,1959145,2002394,0,34189461
2021-03-31,4062784,2019040,2019040,0,0,101245,16646,0,0,2043744,2019040,0,34088216
2021-04-01,4231313,2039663,2039663,0,0,168529,20623,0,0,2191650,2039663,0,33919687
2021-04-02,4404565,2058204,2058204,0,0,173252,18541,0,0,2346361,2058204,0,33746435
2021-04-03,4544816,2070003,2070003,0,0,140251,11799,0,0,2474813,2070003,0,33606184
2021-04-04,4580515,2072920,2072920,0,0,35699,2917,0,0,2507595,2072920,0,33570485
2021-04-05,4585575,2073334,2073334,0,0,5060,414,0,0,2512241,2073334,0,33565425
2021-04-06,4591351,2074033,2074033,0,0,5776,699,0,0,2517318,2074033,0,33559649
2021-04-07,4708238,2082707,2082707,0,0,116887,8674,0,0,2625531,2082707,0,33442762
2021-04-08,4909594,2090058,2090058,0,0,201356,7351,0,0,2819536,2090058,0,33241406
2021-04-09,5167241,2096185,2096185,0,0,257647,6127,0,0,3071056,2096185,0,32983759
2021-04-10,5384004,2101160,2101160,0,0,216763,4975,0,0,3282844,2101160,0,32766996
2021-04-11,5529714,2105550,2105550,0,0,145710,4390,0,0,3424164,2105550,0,32621286
2021-04-12,5581068,2106549,2106549,0,0,51354,999,0,0,3474519,2106549,0,32569932
2021-04-13,5670769,2113615,2113615,0,0,89701,7066,0,0,3557154,2113615,0,32480231
2021-04-14,5832860,2137304,2137304,0,0,162091,23689,0,0,3695556,2137304,0,32318140
2021-04-15,6033075,2190295,2190295,0,0,200215,52991,0,0,3842780,2190295,0,32117925
2021-04-16,6236689,2248126,2248126,0,0,203614,57831,0,0,3988563,2248126,0,31914311
2021-04-17,6425608,2277069,2277069,0,0,188919,28943,0,0,4148539,2277069,0,31725392
2021-04-18,6556776,2288959,2288959,0,0,131168,11890,0,0,4267817,2288959,0,31594224
2021-04-19,6599297,2293779,2293779,0,0,42521,4820,0,0,4305518,2293779,0,31551703
2021-04-20,6699255,2307284,2307284,0,0,99958,13505,0,0,4391971,2307284,0,31451745
2021-04-21,6868703,2341716,2341716,0,0,169448,34432,0,0,4526987,2341716,0,31282297
2021-04-22,7079324,2415993,2415993,0,0,210621,74277,0,0,4663331,2415993,0,31071676
2021-04-23,7311128,2495838,2495838,0,0,231804,79845,0,0,4815290,2495838,0,30839872
2021-04-24,7526598,2543112,2543112,0,0,215470,47274,0,0,4983486,2543112,0,30624402
2021-04-26,7765723,2578244,2578244,0,0,239125,35132,0,0,5187479,2578244,0,30385277
2021-04-27,7878344,2608787,2608787,0,0,112621,30543,0,0,5269557,2608787,0,30272656
2021-04-28,8072900,2746824,2746824,0,0,194556,138037,0,0,5326076,2746824,0,30078100
2021-04-30,8597875,2872925,2872925,0,0,524975,126101,0,0,5724950,2872925,0,29553125
2021-05-01,8809159,2942058,3038353,0,0,211284,69133,0,0,5770806,3038353,0,29341841
2021-05-02,8917338,2959722,2959722,0,0,108179,17664,0,0,5957616,2959722,0,29233662
2021-05-03,8973754,2971205,2971205,0,0,56416,11483,0,0,6002549,2971205,0,29177246
2021-05-04,9018412,2977374,2977374,0,0,44658,6169,0,0,6041038,2977374,0,29132588
2021-05-05,9186041,3039820,3039820,0,0,167629,62446,0,0,6146221,3039820,0,28964959
2021-05-06,9454765,3160055,3308889,0,0,268724,120235,0,0,6145876,3308889,0,28696235
2021-05-06,9454772,3160055,3160055,0,0,7,0,0,0,6294717,3160055,0,28696228
2021-05-07,9735602,3298739,3451651,0,0,280830,138684,0,0,6283951,3451651,0,28415398
2021-05-08,9987919,3421544,3579910,0,0,252317,122805,0,0,6408009,3579910,0,28163081
2021-05-09,10185393,3485148,3650119,0,0,197474,63604,0,0,6535274,3650119,0,27965607
2021-05-10,10260941,3503297,3671671,0,0,75548,18149,0,0,6589270,3671671,0,27890059
2021-05-11,10400987,3556640,3728697,0,0,140046,53343,0,0,6672290,3728697,0,27750013
2021-05-12,10609955,3664336,3839390,0,0,208968,107696,0,0,6770565,3839390,0,27541045
2021-05-13,10864425,3841087,4030995,0,0,254470,176751,0,0,6833430,4030995,0,27286575
2021-05-14,11112068,4032703,4241956,0,0,247643,191616,0,0,6870112,4241956,0,27038932
2021-05-15,11329356,4179657,4415044,0,0,217288,146954,0,0,6914312,4415044,0,26821644
2021-05-16,11490114,4285916,4535597,0,0,160758,106259,0,0,6954517,4535597,0,26660886
2021-05-17,11556822,4322645,4577701,0,0,66708,36729,0,0,6979121,4577701,0,26594178
2021-05-18,11664606,4378941,4642010,0,0,107784,56296,0,0,7022596,4642010,0,26486394
2021-05-19,11868779,4503657,4794334,0,0,204173,124716,0,0,7074445,4794334,0,26282221
2021-05-20,12125653,4686483,4995207,0,0,256874,182826,0,0,7130446,4995207,0,26025347
2021-05-21,12369238,4885664,5222430,0,0,243585,199181,0,0,7146808,5222430,0,25781762
2021-05-22,12577946,5042392,5410599,0,0,208708,156728,0,0,7167347,5410599,0,25573054
2021-05-23,12710402,5156184,5553678,0,0,132456,113792,0,0,7156724,5553678,0,25440598
2021-05-24,12748812,5192300,5597165,0,0,38410,36116,0,0,7151647,5597165,0,25402188
2021-05-25,12814730,5271081,5689744,0,0,65918,78781,0,0,7124986,5689744,0,25336270
2021-05-26,12960092,5429715,5855700,0,0,145362,158634,0,0,7104392,5855700,0,25190908
2021-05-27,13145222,5640018,6071067,0,0,185130,210303,0,0,7074155,6071067,0,25005778
2021-05-28,13302965,5872206,6308403,0,0,157743,232188,0,0,6994562,6308403,0,24848035
2021-05-29,13451439,6073593,6562897,0,0,148474,201387,0,0,6888542,6562897,0,24699561
2021-05-30,13580235,6227720,6786561,0,0,128796,154127,0,0,6793674,6786561,0,24570765
2021-05-31,13633827,6275225,6868820,0,0,53592,47505,0,0,6765007,6868820,0,24517173
2021-06-01,13707350,6377269,7019149,0,0,73523,102044,0,0,6688201,7019149,0,24443650
2021-06-02,13896798,6639244,7300303,0,0,189448,261975,0,0,6596495,7300303,0,24254202
2021-06-03,14145161,7029385,7700322,0,0,248363,390141,0,0,6444839,7700322,0,24005839
2021-06-04,14224874,7102122,7777048,0,0,79713,72737,0,0,6447826,7777048,0,23926126
2021-06-05,14400079,7353859,8039881,0,0,175205,251737,0,0,6360198,8039881,0,23750921
2021-06-06,14551620,7474251,8169746,0,0,151541,120392,0,0,6381874,8169746,0,23599380
2021-06-07,14613790,7520572,8223526,0,0,62170,46321,0,0,6390264,8223526,0,23537210
2021-06-08,14690217,7650407,8368827,0,0,76427,129835,0,0,6321390,8368827,0,23460783
2021-06-09,14845783,7891305,8621029,0,0,155566,240898,0,0,6224754,8621029,0,23305217
2021-06-10,15048382,8191760,8930085,0,0,202599,300455,0,0,6118297,8930085,0,23102618
2021-06-11,15168747,8459703,9204705,0,0,120365,267943,0,0,5964042,9204705,0,22982253
2021-06-12,15324134,8721692,9479766,0,0,155387,261989,0,0,5844368,9479766,0,22826866
2021-06-13,15457211,8903570,9675538,0,0,133077,181878,0,0,5781673,9675538,0,22693789
2021-06-14,15503070,8967231,9747952,0,0,45859,63661,0,0,5755118,9747952,0,22647930
2021-06-15,15549895,9137734,9929923,0,0,46825,170503,0,0,5619972,9929923,0,22601105
2021-06-16,15660666,9397868,10201383,0,0,110771,260134,0,0,5459283,10201383,0,22490334
2021-06-17,15810905,9672080,10485703,0,0,150239,274212,0,0,5325202,10485703,0,22340095
2021-06-18,15940640,9943828,10765849,0,0,129735,271748,0,0,5174791,10765849,0,22210360
2021-06-19,16045779,10161075,10993055,0,0,105139,217247,0,0,5052724,10993055,0,22105221
2021-06-20,16127860,10294609,11136832,0,0,82081,133534,0,0,4991028,11136832,0,22023140
2021-06-21,16152134,10342428,11190284,0,0,24274,47819,0,0,4961850,11190284,0,21998866
2021-06-22,16184242,10481286,11337728,0,0,32108,138858,0,0,4846514,11337728,0,21966758
2021-06-23,16302839,10775533,11643337,0,0,118597,294247,0,0,4659502,11643337,0,21848161
2021-06-24,16409509,11058344,11934134,0,0,106670,282811,0,0,4475375,11934134,0,21741491
2021-06-25,16447968,11173942,12052910,0,0,38459,115598,0,0,4395058,12052910,0,21703032
2021-06-26,16587072,11579370,12475079,0,0,139104,405428,0,0,4111993,12475079,0,21563928
2021-06-27,16649656,11705054,12612947,0,0,62584,125684,0,0,4036709,12612947,0,21501344
2021-06-28,16681699,11765680,12682542,0,0,32043,60626,0,0,3999157,12682542,0,21469301
2021-06-29,16716871,11884449,12810211,0,0,35172,118769,0,0,3906660,12810211,0,21434129
2021-06-30,16788252,12100501,13034402,0,0,71381,216052,0,0,3753850,13034402,0,21362748
2021-07-01,16890799,12351415,13293459,0,0,102547,250914,0,0,3597340,13293459,0,21260201
2021-07-02,16971186,12572847,13524896,0,0,80387,221432,0,0,3446290,13524896,0,21179814
2021-07-03,17041184,12750261,13716258,0,0,69998,177414,0,0,3324926,13716258,0,21109816
2021-07-04,17094868,12870973,13854142,0,0,53684,120712,0,0,3240726,13854142,0,21056132
2021-07-05,17114524,12909625,13902713,0,0,19656,38652,0,0,3211811,13902713,0,21036476
2021-07-06,17149431,12999179,14004587,0,0,34907,89554,0,0,3144844,14004587,0,21001569
2021-07-07,17194359,13203513,14218165,0,0,44928,204334,0,0,2976194,14218165,0,20956641
2021-07-08,17254158,13485209,14511120,0,0,59799,281696,0,0,2743038,14511120,0,20896842
2021-07-09,17315918,13688592,14727053,0,0,61760,203383,0,0,2588865,14727053,0,20835082
2021-07-10,17374533,13883716,14938143,0,0,58615,195124,0,0,2436390,14938143,0,20776467
2021-07-11,17416068,14052514,15121479,0,0,41535,168798,0,0,2294589,15121479,0,20734932
2021-07-12,17430956,14104522,15181701,0,0,14888,52008,0,0,2249255,15181701,0,20720044
2021-07-13,17464202,14189303,15277111,0,0,33246,84781,0,0,2187091,15277111,0,20686798
2021-07-14,17507308,14356238,15453502,0,0,43106,166935,0,0,2053806,15453502,0,20643692
2021-07-15,17569346,14589506,15700212,0,0,62038,233268,0,0,1869134,15700212,0,20581654
2021-07-16,17635269,14777930,15907199,0,0,65923,188424,0,0,1728070,15907199,0,20515731
2021-07-17,17698358,14932777,16080265,0,0,63089,154847,0,0,1618093,16080265,0,20452642
2021-07-18,17742406,15045997,16211976,0,0,44048,113220,0,0,1530430,16211976,0,20408594
2021-07-19,17760254,15074997,16251913,0,0,17848,29000,0,0,1508341,16251913,0,20390746
2021-07-20,17797365,15126047,16316648,0,0,37111,51050,0,0,1480717,16316648,0,20353635
2021-07-21,17843723,15239970,16443569,0,0,46358,113923,0,0,1400154,16443569,0,20307277
2021-07-22,17894628,15386318,16603052,0,0,50905,146348,0,0,1291576,16603052,0,20256372
2021-07-23,17956225,15525842,16759941,0,0,61597,139524,0,0,1196284,16759941,0,20194775
2021-07-24,18012081,15629459,16881997,0,0,55856,103617,0,0,1130084,16881997,0,20138919
2021-07-25,18048311,15691431,16960975,0,0,36230,61972,0,0,1087336,16960975,0,20102689
2021-07-26,18064022,15706125,16986230,0,0,15711,14694,0,0,1077792,16986230,0,20086978
2021-07-27,18095178,15748763,17040924,0,0,31156,42638,0,0,1054254,17040924,0,20055822
2021-07-28,18133454,15812136,17116255,0,0,38276,63373,0,0,1017199,17116255,0,20017546
2021-07-29,18192439,15904109,17225194,0,0,58985,91973,0,0,967245,17225194,0,19958561
2021-07-30,18239525,15981813,17316491,0,0,47086,77704,0,0,923034,17316491,0,19911475
2021-07-31,18285323,16048936,17398999,0,0,45798,67123,0,0,886324,17398999,0,19865677
2021-08-01,18332060,16097896,17470071,0,0,46737,48960,0,0,861989,17470071,0,19818940
2021-08-02,18357076,16106660,17498174,0,0,25016,8764,0,0,858902,17498174,0,19793924
2021-08-03,18387784,16133956,17538257,0,0,30708,27296,0,0,849527,17538257,0,19763216
2021-08-04,18423513,16174192,17590257,0,0,35729,40236,0,0,833256,17590257,0,19727487
2021-08-05,18469353,16232705,17663125,0,0,45840,58513,0,0,806228,17663125,0,19681647
2021-08-06,18515393,16291145,17735484,0,0,46040,58440,0,0,779909,17735484,0,19635607
2021-08-07,18572928,16352531,17818502,0,0,57535,61386,0,0,754426,17818502,0,19578072
2021-08-08,18605722,16381042,17863405,0,0,32794,28511,0,0,742317,17863405,0,19545278
2021-08-09,18620880,16386754,17880228,0,0,15158,5712,0,0,740652,17880228,0,19530120
2021-08-10,18643526,16406984,17910610,0,0,22646,20230,0,0,732916,17910610,0,19507474
2021-08-11,18676038,16438091,17953396,0,0,32512,31107,0,0,722642,17953396,0,19474962
2021-08-12,18714190,16475572,18003250,0,0,38152,37481,0,0,710940,18003250,0,19436810
2021-08-13,18759946,16521262,18064134,0,0,45756,45690,0,0,695812,18064134,0,19391054
2021-08-14,18801614,16565518,18124650,0,0,41668,44256,0,0,676964,18124650,0,19349386
2021-08-15,18825714,16584016,18156083,0,0,24100,18498,0,0,669631,18156083,0,19325286
2021-08-16,18842300,16588674,18173552,0,0,16586,4658,0,0,668748,18173552,0,19308700
2021-08-17,18863709,16610780,18205787,0,0,21409,22106,0,0,657922,18205787,0,19287291
2021-08-18,18890548,16638427,18244397,0,0,26839,27647,0,0,646151,18244397,0,19260452
2021-08-19,18942274,16678963,18309754,0,0,51726,40536,0,0,632520,18309754,0,19208726
2021-08-20,18974615,16716305,18358017,0,0,32341,37342,0,0,616598,18358017,0,19176385
2021-08-21,19008598,16754837,18410561,0,0,33983,38532,0,0,598037,18410561,0,19142402
2021-08-22,19031403,16774024,18443277,0,0,22805,19187,0,0,588126,18443277,0,19119597
2021-08-23,19046468,16778111,18459139,0,0,15065,4087,0,0,587329,18459139,0,19104532
2021-08-24,19067446,16798145,18489092,0,0,20978,20034,0,0,578354,18489092,0,19083554
2021-08-25,19092270,16824737,18524940,0,0,24824,26592,0,0,567330,18524940,0,19058730
2021-08-26,19124548,16857849,18569412,0,0,32278,33112,0,0,555136,18569412,0,19026452
2021-08-27,19158536,16894936,18618197,0,0,33988,37087,0,0,540339,18618197,0,18992464
2021-08-28,19194135,16932955,18670217,0,0,35599,38019,0,0,523918,18670217,0,18956865
2021-08-29,19219260,16952124,18704011,0,0,25125,19169,0,0,515249,18704011,0,18931740
2021-08-30,19237695,16956710,18722803,0,0,18435,4586,0,0,514892,18722803,0,18913305
2021-08-31,19257631,16974739,18750231,0,0,19936,18029,0,0,507400,18750231,0,18893369
2021-09-01,19284686,17001928,18787636,0,0,27055,27189,0,0,497050,18787636,0,18866314
2021-09-02,19307400,17028172,18821841,0,0,22714,26244,0,0,485559,18821841,0,18843600
2021-09-03,19333347,17058127,18860734,0,0,25947,29955,0,0,472613,18860734,0,18817653
2021-09-04,19363616,17088405,18902890,0,0,30269,30278,0,0,460726,18902890,0,18787384
2021-09-05,19382663,17102381,18927433,0,0,19047,13976,0,0,455230,18927433,0,18768337
2021-09-06,19394323,17105568,18939077,0,0,11660,3187,0,0,455246,18939077,0,18756677
2021-09-07,19408281,17117177,18957376,0,0,13958,11609,0,0,450905,18957376,0,18742719
2021-09-08,19427000,17134654,18982051,0,0,18719,17477,0,0,444949,18982051,0,18724000
2021-09-09,19448585,17156317,19011042,0,0,21585,21663,0,0,437543,19011042,0,18702415
2021-09-10,19468163,17175229,19036382,0,0,19578,18912,0,0,431781,19036382,0,18682837
2021-09-11,19501432,17208466,19082133,0,0,33269,33237,0,0,419299,19082133,0,18649568
2021-09-12,19523117,17213970,19096932,0,0,21685,5504,0,0,426185,19096932,0,18627883
2021-09-13,19532718,17216727,19106619,0,0,9601,2757,0,0,426099,19106619,0,18618282
2021-09-14,19545853,17227329,19123432,0,0,13135,10602,0,0,422421,19123432,0,18605147
2021-09-15,19561992,17241313,19143244,0,0,16139,13984,0,0,418748,19143244,0,18589008
2021-09-16,19581730,17259461,19167754,0,0,19738,18148,0,0,413976,19167754,0,18569270
2021-09-17,19601546,17277148,19191249,0,0,19816,17687,0,0,410297,19191249,0,18549454
2021-09-18,19625034,17297047,19219358,0,0,23488,19899,0,0,405676,19219358,0,18525966
2021-09-19,19640452,17306685,19237143,0,0,15418,9638,0,0,403309,19237143,0,18510548
2021-09-20,19648110,17308820,19244807,0,0,7658,2135,0,0,403303,19244807,0,18502890
2021-09-21,19659451,17318236,19259376,0,0,11341,9416,0,0,400075,19259376,0,18491549
2021-09-22,19675679,17331369,19278324,0,0,16228,13133,0,0,397355,19278324,0,18475321
2021-09-23,19712418,17360679,19320780,0,0,36739,29310,0,0,391638,19320780,0,18438582
2021-09-24,19730125,17374526,19340905,0,0,17707,13847,0,0,389220,19340905,0,18420875
2021-09-25,19752578,17392227,19367855,0,0,22453,17701,0,0,384723,19367855,0,18398422
2021-09-26,19756349,17390663,19374121,0,0,3771,-1564,0,0,382228,19374121,0,18394651
2021-09-27,19757531,17386007,19375268,0,0,1182,-4656,0,0,382263,19375268,0,18393469
2021-09-28,19766904,17391740,19386322,0,0,9373,5733,0,0,380582,19386322,0,18384096
2021-09-29,19798940,17387210,19386695,0,0,32036,-4530,0,0,412245,19386695,0,18352060
2021-09-30,19813605,17399350,19404212,0,0,14665,12140,0,0,409393,19404212,0,18337395
2021-10-01,19829296,17457365,19469135,0,0,15691,58015,0,0,360161,19469135,0,18321704
2021-10-02,19845939,17471820,19489903,0,0,16643,14455,0,0,356036,19489903,0,18305061
2021-10-03,19853542,17477767,19500218,0,0,7603,5947,0,0,353324,19500218,0,18297458
2021-10-04,19880124,17497485,19531281,0,0,26582,19718,0,0,348843,19531281,0,18270876
2021-10-05,19885124,17503147,19540515,81178,196812,5000,5662,81178,196812,344609,19262525,277990,18265876
2021-10-06,19893557,17510282,19550834,87171,217579,8433,7135,5993,20767,342723,19246084,304750,18257443
2021-10-07,19899635,17516183,19559022,91364,231989,6078,5901,4193,14410,340613,19235669,323353,18251365
2021-10-08,19911039,17525329,19572274,98408,257092,11404,9146,7044,25103,338765,19216774,355500,18239961
2021-10-09,19947980,17561179,19622528,119685,330962,36941,35850,21277,73870,325452,19171881,450647,18203020
2021-10-10,19951595,17565061,19627750,121177,336740,3615,3882,1492,5778,323845,19169833,457917,18199405
2021-10-11,19952719,17566064,19629503,121493,337879,1124,1003,316,1139,323216,19170131,459372,18198281
2021-10-12,19955741,17568937,19633725,122705,344340,3022,2873,1212,6461,322016,19166680,467045,18195259
2021-10-13,19967292,17579124,19648767,128911,368024,11551,10187,6206,23684,318525,19151832,496935,18183708
2021-10-14,19968901,17580862,19651359,130031,371804,1609,1738,1120,3780,317542,19149524,501835,18182099
2021-10-15,19997453,17608096,19689363,146779,427296,28552,27234,16748,55492,308090,19115288,574075,18153547
2021-10-16,20016102,17625146,19714288,154851,456026,18649,17050,8072,28730,301814,19103411,610877,18134898
2021-10-17,20026009,17631758,19725793,157310,465856,9907,6612,2459,9830,300216,19102627,623166,18124991
2021-10-18,20028338,17632916,19728692,157540,467696,2329,1158,230,1840,299646,19103456,625236,18122662
2021-10-19,20038129,17640947,19741503,160925,482504,9791,8031,3385,14808,296626,19098074,643429,18112871
2021-10-20,20050972,17650519,19756793,166972,504949,12843,9572,6047,22445,294179,19084872,671921,18100028
2021-10-21,20065807,17662325,19774453,174932,536775,14835,11806,7960,31826,291354,19062746,711707,18085193
2021-10-22,20081239,17675029,19793580,184258,570303,15432,12704,9326,33528,287659,19039019,754561,18069761
2021-10-23,20102386,17690381,19818102,192213,604865,21147,15352,7955,34562,284284,19021024,797078,18048614
2021-10-24,20113535,17696469,19830320,194931,616937,11149,6088,2718,12072,283215,19018452,811868,18037465
2021-10-25,20117277,17697780,19833946,195467,618993,3742,1311,536,2056,283331,19019486,814460,18033723
2021-10-26,20129987,17704645,19846726,199113,637612,12710,6865,3646,18619,283261,19010001,836725,18021013
2021-10-27,20166722,17727931,19886266,213795,693742,36735,23286,14682,56130,280456,18978729,907537,17984278
2021-10-28,20185588,17738631,19904462,221612,729288,18866,10700,7817,35546,281126,18953562,950900,17965412
2021-10-29,20206425,17750873,19924766,229691,765008,20837,12242,8079,35720,281659,18930067,994699,17944575
2021-10-30,20232132,17765605,19950503,235170,798372,25707,14732,5479,33364,281629,18916961,1033542,17918868
2021-10-31,20245032,17770694,19962570,236534,806601,12900,5089,1364,8229,282462,18919435,1043135,17905968
2021-11-01,20248449,17771420,19965507,236818,808291,3417,726,284,1690,282942,18920398,1045109,17902551
2021-11-02,20249639,17771618,19966504,237001,808981,1190,198,183,690,283135,18920522,1045982,17901361
2021-11-03,20264839,17780030,19981458,240447,835600,15200,8412,3446,26619,283381,18905411,1076047,17886161
2021-11-04,20285036,17790316,19999420,248198,883524,20197,10286,7751,47924,285616,18867698,1131722,17865964
2021-11-05,20306537,17801284,20018204,257209,934429,21501,10968,9011,50905,288333,18826566,1191638,17844463
2021-11-06,20335591,17814974,20042885,266731,991606,29054,13690,9522,57177,292706,18784548,1258337,17815409
2021-11-07,20352407,17820927,20056333,272339,1014119,16816,5953,5608,22513,296074,18769875,1286458,17798593
2021-11-08,20356977,17821950,20059964,272558,1017854,4570,1023,219,3735,297013,18769552,1290412,17794023
2021-11-09,20373465,17827966,20072598,276662,1050893,16488,6016,4104,33039,300867,18745043,1327555,17777535
2021-11-10,20395051,17836388,20088239,284828,1106731,21586,8422,8166,55838,306812,18696680,1391559,17755949
2021-11-11,20425499,17847454,20108723,294963,1176890,30448,11066,10135,70159,316776,18636870,1471853,17725501
2021-11-12,20431137,17848254,20112513,295622,1182809,5638,800,659,5919,318624,18634082,1478431,17719863
2021-11-13,20458397,17860688,20134376,301465,1233491,27260,12434,5843,50682,324021,18599420,1534956,17692603
2021-11-14,20471608,17865406,20144567,303448,1255419,13211,4718,1983,21928,327041,18585700,1558867,17679392
2021-11-15,20475445,17866341,20147634,303685,1259823,3837,935,237,4404,327811,18584126,1563508,17675555
2021-11-16,20488159,17874973,20159697,304951,1303089,12714,8632,1266,43266,328462,18551657,1608040,17662841
2021-11-17,20509516,17885331,20177480,305946,1374949,21357,10358,995,71860,332036,18496585,1680895,17641484
2021-11-18,20534686,17897529,20197468,304814,1466174,25170,12198,-1132,91225,337218,18426480,1770988,17616314
2021-11-19,20561348,17911200,20219201,302662,1558946,26662,13671,-2152,92772,342147,18357593,1861608,17589652
2021-11-20,20596619,17927508,20247539,297128,1665453,35271,16308,-5534,106507,349080,18284958,1962581,17554381
2021-11-21,20619823,17934891,20264284,296427,1720769,23204,7383,-701,55316,355539,18247088,2017196,17531177
2021-11-22,20624863,17936235,20268848,293156,1733436,5040,1344,-3271,12667,356015,18242256,2026592,17526137
2021-11-23,20644940,17940546,20280698,283682,1817428,20077,4311,-9474,83992,364242,18179588,2101110,17506060
2021-11-24,20671677,17949128,20298362,273479,1933407,26737,8582,-10203,115979,373315,18091476,2206886,17479323
2021-11-25,20703804,17960969,20320159,266930,2070275,32127,11841,-6549,136868,383645,17982954,2337205,17447196
2021-11-26,20735438,17973879,20343006,260132,2213650,31634,12910,-6798,143375,392432,17869224,2473782,17415562
2021-11-27,20776937,17991844,20375909,254964,2375244,41499,17965,-5168,161594,401028,17745701,2630208,17374063
2021-11-28,20807234,18000801,20398724,255111,2473243,30297,8957,147,97999,408510,17670370,2728354,17343766
2021-11-29,20814512,18002682,20405229,252604,2498223,7278,1881,-2507,24980,409283,17654402,2750827,17336488
2021-11-30,20829997,18009171,20418316,248626,2587595,15485,6489,-3978,89372,411681,17582095,2836221,17321003
2021-12-01,20829997,18009171,20418315,248626,2587596,0,0,0,1,411682,17582093,2836222,17321003
2021-12-01,20851835,18020430,20436637,243174,2729310,21838,11259,-5452,141714,415198,17464153,2972484,17299165
2021-12-02,20876315,18033272,20456289,236866,2886618,24480,12842,-6308,157308,420026,17332805,3123484,17274685
2021-12-03,20901641,18039474,20470166,232798,3052853,25326,6202,-4068,166235,431475,17184515,3285651,17249359
2021-12-04,20938216,18057592,20500035,230074,3262579,36575,18118,-2724,209726,438181,17007382,3492653,17212784
2021-12-05,20968528,18067083,20521241,230585,3406687,30312,9491,511,144108,447287,16883969,3637272,17182472
2021-12-06,20976105,18068842,20526976,228938,3441040,7577,1759,-1647,34353,449129,16856998,3669978,17174895
2021-12-07,21022140,18089040,20562999,226163,3717520,46035,20198,-2775,276480,459141,16619316,3943683,17128860
2021-12-08,21048776,18102027,20583315,222851,3903556,26636,12987,-3312,186036,465461,16456908,4126407,17102224
2021-12-09,21081218,18118359,20608833,219868,4105050,32442,16332,-2983,201494,472385,16283915,4324918,17069782
2021-12-10,21109336,18135000,20631827,218159,4297739,28118,16641,-1709,192689,477509,16115929,4515898,17041664
2021-12-11,21143897,18157383,20663982,217553,4496674,34561,22383,-606,198935,479915,15949755,4714227,17007103
2021-12-12,21171467,18169848,20685210,218067,4640649,27570,12465,514,143975,486257,15826494,4858716,16979533
2021-12-13,21177713,18172240,20689638,217512,4671733,6246,2392,-555,31084,488075,15800393,4889245,16973287
2021-12-14,21196780,18184347,20707123,214760,4808435,19067,12107,-2752,136702,489657,15683928,5023195,16954220
2021-12-15,21222136,18200501,20730782,212627,4981409,25356,16154,-2133,172974,491354,15536746,5194036,16928864
2021-12-16,21247906,18219781,20756179,210998,5169704,25770,19280,-1629,188295,491727,15375477,5380702,16903094
2021-12-17,21285199,18239531,20780909,209440,5347182,37293,19750,-1558,177478,504290,15224287,5556622,16865801
2021-12-18,21331952,18265285,20814451,208211,5528960,46753,25754,-1229,181778,517501,15077280,5737171,16819048
2021-12-19,21378003,18280663,20835654,208611,5643962,46051,15378,400,115002,542349,14983081,5852573,16772997
2021-12-20,21387771,18283843,20841341,208254,5672394,9768,3180,-357,28432,546430,14960693,5880648,16763229
2021-12-21,21424563,18298815,20861652,205992,5795621,36792,14972,-2262,123227,562911,14860039,6001613,16726437
2021-12-22,21458498,18312564,20880086,203761,5903834,33935,13749,-2231,108213,578412,14772491,6107595,16692502
2021-12-23,21497412,18332228,20904529,201681,6023039,38914,19664,-2080,119205,592883,14679809,6224720,16653588
2021-12-24,21520176,18344379,20920358,200308,6081759,22764,12151,-1373,58720,599818,14638291,6282067,16630824
2021-12-25,21522012,18345775,20922391,199462,6088681,1836,1396,-846,6922,599621,14634248,6288143,16628988
2021-12-26,21522406,18345910,20922571,199373,6089485,394,135,-89,804,599835,14633713,6288858,16628594
2021-12-27,21521616,18346029,20922822,199317,6091050,-790,119,-56,1565,598794,14632455,6290367,16629384
2021-12-28,21548282,18368442,20949161,197699,6200770,26666,22413,-1618,109720,599121,14550692,6398469,16602718
2021-12-29,21589717,18399219,20984699,196190,6364386,41435,30777,-1509,163616,605018,14424123,6560576,16561283
2021-12-30,21635700,18428050,21020631,194954,6534001,45983,28831,-1236,169615,615069,14291676,6728955,16515300
2021-12-31,21668667,18445927,21042850,193282,6654445,32967,17877,-1672,120444,625817,14195123,6847727,16482333
2022-01-01,21673668,18448569,21046400,192486,6672678,5001,2642,-796,18233,627268,14181236,6865164,16477332
2022-01-02,21674039,18448830,21046692,192136,6674483,371,261,-350,1805,627347,14180073,6866619,16476961
2022-01-03,21677758,18451000,21049453,192047,6684750,3719,2170,-89,10267,628305,14172656,6876797,16473242
2022-01-04,21700180,18473284,21075266,191641,6802568,22422,22284,-406,117818,624914,14081057,6994209,16450820
2022-01-05,21743816,18505978,21113044,191850,7006573,43636,32694,209,204005,630772,13914621,7198423,16407184
2022-01-06,21784310,18536970,21148641,192520,7226764,40494,30992,670,220191,635669,13729357,7419284,16366690
2022-01-07,21789739,18540928,21153724,192377,7251966,5429,3958,-143,25202,636015,13709381,7444343,16361261
2022-01-08,21819293,18578338,21194976,193232,7411966,29554,37410,855,160000,624317,13589778,7605198,16331707
2022-01-09,21842425,18616249,21228309,194281,7526837,23132,37911,1049,114871,614116,13507191,7721118,16308575
2022-01-10,21846931,18623823,21240294,194199,7550739,4506,7574,-82,23902,606637,13495356,7744938,16304069
2022-01-11,21868432,18657762,21276912,194593,7673435,21501,33939,394,122696,591520,13408884,7868028,16282568
2022-01-12,21913582,18706541,21329145,195611,7828008,45150,48779,1018,154573,584437,13305526,8023619,16237418
2022-01-13,21946463,18744445,21371753,196771,8005749,32881,37904,1160,177741,574710,13169233,8202520,16204537
2022-01-14,21975695,18770337,21400739,198022,8170965,29232,25892,1251,165216,574956,13031752,8368987,16175305
2022-01-15,22010663,18789814,21424542,198967,8363521,34968,19477,945,192556,586121,12862054,8562488,16140337
2022-01-16,22038075,18802271,21439572,200063,8495901,27412,12457,1096,132380,598503,12743608,8695964,16112925
2022-01-17,22034108,18804589,21434065,200194,8519890,-3967,2318,131,23989,600043,12713981,8720084,16116892
2022-01-18,22054191,18822592,21454689,200755,8638378,20083,18003,561,118488,599502,12615556,8839133,16096809
2022-01-19,22077854,18849430,21484370,201570,8775234,23663,26838,815,136856,593484,12507566,8976804,16073146
2022-01-20,22102980,18877070,21514286,202628,8925153,25126,27640,1058,149919,588694,12386505,9127781,16048020
2022-01-21,22128034,18900664,21541049,203871,9065968,25054,23594,1243,140815,586985,12271210,9269839,16022966
2022-01-22,22155003,18915819,21559669,204936,9224733,26969,15155,1065,158765,595334,12130000,9429669,15995997
2022-01-23,22174493,18924250,21570109,205380,9326462,19490,8431,444,101729,604384,12038267,9531842,15976507
2022-01-24,22193408,18927209,21589637,205473,9345652,18915,2959,93,19190,603771,12038512,9551125,15957592
2022-01-25,22209910,18943547,21608106,205931,9435658,16502,16338,458,90006,601804,11966517,9641589,15941090
2022-01-26,22230267,18966745,21633454,206750,9548272,20357,23198,819,112614,596813,11878432,9755022,15920733
2022-01-27,22251342,18993504,21662397,207745,9667326,21075,26759,995,119054,588945,11787326,9875071,15899658
2022-01-28,22269206,19004764,21675140,208553,9772265,17864,11260,808,104939,594066,11694322,9980818,15881794
2022-01-29,22291055,19028109,21701001,209323,9897574,21849,23345,770,125309,590054,11594104,10106897,15859945
2022-01-30,22305700,19048326,21722687,209768,9977185,14645,20217,445,79611,583013,11535734,10186953,15845300
2022-01-31,22309125,19052817,21727625,209944,9992517,3425,4491,176,15332,581500,11525164,10202461,15841875
2022-02-01,22320403,19070986,21747458,210093,10057033,11278,18169,149,64516,572945,11480332,10267126,15830597
2022-02-02,22334608,19092947,21770732,210597,10130708,14205,21961,504,73675,563876,11429427,10341305,15816392
2022-02-03,22349451,19116811,21795822,210967,10210391,14843,23864,370,79683,553629,11374464,10421358,15801549
